{"AFG":[6737993.98422105,3416255.9975665775,8366553.382068594,4648350.700541277],"AGO":[1295769.5665047695,-2029431.2622527517,2680562.788146779,-494533.26273718267],"ALB":[2148965.564709496,4811596.669856365,2339940.1845955537,5264639.664890172],"ARE":[5741805.7537581185,2571295.255812932,6278068.331033803,3005952.0427695843],"ARG":[-8172568.924848892,-7410537.976763422,-5969880.498873204,-2491403.9713718914],"ARM":[4851609.070117304,4684668.412087551,5176993.051821476,5049009.749030112],"ATA":[-20037507.067161843,-30240971.95838617,20037507.067161843,-9166927.281018857],"ATF":[7649875.407313761,-6407400.602140687,7854703.270373383,-6211469.632719524],"AUS":[12616834.543714907,-5409068.302911465,17095275.093695465,-1194499.0131355985],"AUT":[1055305.3793291247,5849820.353507868,1890167.8600455474,6281494.071672771],"AZE":[4986444.12390095,4617691.813307521,5609703.182185634,5140132.052038371],"BDI":[3231040.025514583,-501451.65789351513,3423326.236861995,-261505.59356103576],"BEL":[279809.6700213452,6365185.930146941,685356.0509095861,6705753.988936071],"BEN":[85976.01085330354,685055.2394737982,422692.60299110145,1372537.092707773],"BFA":[-608980.5043549881,1074925.9873250888,242354.52964909258,1702590.5496703843],"BGD":[9805513.030026853,2352677.923476053,10316280.110123942,3054490.9852909157],"BGR":[2491388.730223012,5046990.059696785,3179071.0901555056,5501869.325163462],"BHR":[5582806.806240548,2962262.235451125,5662762.534781362,3040533.752415137],"BHS":[-8792013.382852742,2718109.953691247,-8571600.791082058,3128470.1099725915],"BIH":[1753284.8827520818,5258849.10939568,2181835.3028703784,5658400.242132983],"BLR":[2582555.8419753523,6678005.977231721,3639439.693090664,7592158.583737152],"BLZ":[-9932940.388265429,1791633.1974886155,-9808005.548977358,2096154.4495506666],"BOL":[-7746770.536330427,-2616657.533075089,-6400689.39687781,-1091995.6157623676],"BRA":[-8236221.378883454,-3997743.062375716,-3866125.186723661,584630.5032425667],"BRN":[12713132.96943008,446492.3172478558,12851914.30278604,607354.3156586598],"BTN":[9886756.916907111,3088458.3863590593,10252938.296172336,3286399.5722104716],"BWA":[2214752.2311658203,-3102066.7431073207,3276376.219843218,-1998002.3459477113],"CAF":[1609613.8443866791,252498.421508895,3047284.9112601015,1248258.7582949237],"CAN":[-15695801.072582014,5112435.323559411,-5860759.540845051,18038573.482626807],"CHE":[670433.8217396095,5744676.7046385985,1162476.2079476344,6078756.569848533],"CHL":[-8420695.56740403,-7481526.898194927,-7453944.197958339,-1988447.6861174984],"CHN":[8201505.703920796,2060702.1163055873,15031060.237289852,7068319.378110475],"CIV":[-957668.2448747028,483398.1825592458,-285221.6304921892,1178176.7625890577],"CMR":[944970.6239398068,192352.78919655186,1782542.576490865,1443673.15832503],"COD":[1356131.5366976862,-1489135.152278783,3470290.415329065,585927.4018047034],"COG":[1234953.1413756832,-561550.1990576477,2054185.8238443083,415314.115934129],"COL":[-8793230.686884455,-478921.3913904299,-7444638.540094643,1395517.2201953025],"CRI":[-9566989.112765353,918766.9809939514,-9189000.534050878,1256737.9128703433],"CUB":[-9459363.829210673,2255918.486893006,-8257459.956406778,2654843.908680034],"-99":[4737619.491993134,893112.6324620342,5448889.413316593,1284545.1789627674],"CYP":[3590795.7571380013,4105851.0470554545,3785406.0165134254,4187433.0590315685],"CZE":[1362562.9369336215,6199740.113978373,2098722.4075890477,6642063.306020502],"DEU":[666654.3673970283,5991588.288338803,1671684.3350358452,7358587.663925877],"DJI":[4637765.908751587,1223815.6363884388,4822121.272613369,1425437.2769596353],"DNK":[900572.1024541616,7323149.355108952,1412645.0214184732,7910815.0157940425],"DOM":[-8008893.240400796,1990614.2287896269,-7605118.658504225,2259401.9787773592],"DZA":[-966742.9621127972,2161690.786012368,1335778.8586701895,4455620.392581941],"ECU":[-9013290.422685442,-552738.2268302436,-8374979.701862898,153738.6162348966],"EGY":[2749599.214958213,2511525.234845713,4103929.951067706,3709046.722387173],"ERI":[4043478.894317164,1397582.0311994646,4795780.144097846,2037350.4298479173],"ESP":[-1045611.0276178845,4293310.487898696,338353.8204695784,5426579.103410564],"EST":[2598174.135034896,7857733.0425906,3131606.435999235,8313655.829565445],"ETH":[3668442.5371099063,381168.66286827106,5319893.899705891,1684525.0355586163],"FIN":[2298256.8875386757,8365613.711282014,3508355.3306789654,11122368.182941066],"FJI":[-20037507.067161843,-2071284.9654493695,20037507.067161843,-1807141.1750288524],"FLK":[-6812752.836548343,-6854552.132728828,-6428700.593311548,-6639001.663761316],"FRA":[-654961.2126445861,5115165.309234498,1156651.5202920367,6719908.73896439],"GAB":[979388.394612085,-443277.3716179839,1605834.390044095,259084.68249341592],"GBR":[-842929.878679833,6439351.408805051,187187.15195443676,8101911.151206978],"GEO":[4447771.209685316,5021851.892759608,5191708.187602803,5396542.482519202],"GHA":[-361161.6255857444,524957.9450663883,118012.20755628125,1243260.8314066895],"GIN":[-1684298.543355862,815854.100559974,-871865.4271474159,1412493.6106689204],"GMB":[-1874789.9453351055,1474620.8482950353,-1541214.269591602,1560050.5717770786],"GNB":[-1856525.4589763416,1236689.9241472853,-1525130.016407632,1417283.0701058449],"GNQ":[1035896.1267387429,112451.81754430232,1256249.2448402976,254306.16185589271],"GRC":[2243089.5098440233,4153013.10093147,2961565.5061476813,5135085.756560297],"GRL":[-8159384.716674573,8407926.650084555,-1359049.56932422,18440002.895114247],"GTM":[-10266912.993,1543869.8909379374,-9821164.60804686,2016411.7714916873],"GUY":[-6836163.648720829,141174.46796154729,-6293935.631333637,934742.2828626104],"HND":[-9946766.748253867,1457982.711865853,-9255906.080065241,1805348.795341633],"HRV":[1520287.5627555416,5233153.217237367,2158537.881339741,5861446.443414098],"HTI":[-8288630.387693381,2041176.5098058537,-7973244.414584968,2263045.1985423863],"HUN":[1803631.5865668426,5741889.318202601,2528124.796329174,6211276.643758113],"IDN":[10607971.14801606,-1159604.623312051,15699816.562538778,610942.9814152652],"IND":[7589389.420463478,889589.5584109597,10842803.54553966,4231219.372645933],"IRL":[-1110644.1042433395,6740550.336926768,-671588.8625551781,7387453.320778184],"IRN":[4910216.499100952,2885357.3414382352,7048375.200437453,4824323.83207971],"IRQ":[4318343.594382698,3388255.7680438654,5406561.825717279,4492944.4805735955],"ISL":[-2707978.4211600614,9223013.321536819,-1515028.4611175586,10022534.924751105],"ISR":[3814410.596110557,3439609.684193761,3989289.4576243865,3932185.846801775],"ITA":[751401.5841016935,4386269.458246628,2057211.688356022,5960929.557155482],"JAM":[-8720515.020800062,2002594.1826546022,-8482507.191317389,2098999.6357666473],"JOR":[3887566.335645799,3400806.76847643,4363219.581181031,3945676.8014958818],"JPN":[14405684.224365786,3636591.1576609444,16201787.926213017,5708763.157602554],"KAZ":[5172621.080283643,4962661.473950165,9724867.412935989,7436997.189804793],"KEN":[3773014.838870022,-521194.7327613016,4659286.536983281,613870.6728580676],"KGZ":[7732795.839498951,4761781.702672423,8934501.247805404,5357492.948807335],"KHM":[11393338.308848761,1173929.1813813893,11979596.681697363,1639760.6251080125],"KOR":[14039324.514682563,4081296.6789498134,14412345.728366863,4666279.923414363],"KWT":[5184005.464064414,3315461.625653541,5389654.9515729,3511144.9945579497],"LAO":[11144860.758051774,1560577.9492622078,11974028.17058074,2567416.643725387],"LBN":[3910214.298730667,3907128.509998784,4075601.379932068,4115730.4727849243],"LBR":[-1273359.10547194,485348.1689789222,-839317.2495669792,954326.9565083083],"LBY":[1037432.0693711215,2223397.5046439,2801334.948304395,3913502.0080202827],"LKA":[8871625.393978227,665600.7134755934,9104593.951004118,1099009.6314648371],"LSO":[3005544.08826193,-3586744.6497260146,3264462.597402591,-3330856.948179657],"LTU":[2343920.979732649,7152317.611471546,2959793.707156028,7632935.791765949],