{"ARG":[-8723241.031342814,-8640321.478111304,-5419208.392379282,-1261620.4700240083],"ATA":[-30056260.600742765,-35509483.127728,30056260.600742765,-3898416.1116770282],"AUT":[846589.759150019,5741901.9239666425,2098883.480224653,6389412.501213998],"BDI":[3182968.4726777305,-561438.173976635,3471397.789698848,-201519.0774779159],"BEN":[1796.8628188540752,513184.7761653045,506871.7510255509,1544407.5560162666],"BGD":[8820331.531454215,1474356.006909288,11324134.790990548,3978159.2664456186],"BHR":[4814904.565047504,2155920.230959651,6428532.217262933,3769547.8831750806],"BIH":[1646147.2777225077,5158961.326211354,2288972.9078999525,5758288.025317309],"BLZ":[-9964174.098087447,1715502.8844731026,-9776771.83915534,2172284.7625661795],"BRA":[-9328745.426923402,-5143336.453780286,-2773601.1386837135,1730223.894647137],"BTN":[9795211.572090805,3038973.089896206,10344483.64098864,3335884.8686733246],"CAF":[1250196.0776683232,3558.3373123878846,3406702.677978457,1497198.8424914307],"CHE":[547423.2251876033,5661156.738336114,1285486.8044996406,6162276.536151016],"CHN":[7831149.190404994,934353.6544733546,15074985.674947767,8178190.139016127],"CMR":[735577.6358020422,-120477.30308556778,1991935.5646286295,1756503.2506071497],"COG":[1030144.9707585268,-805766.2778055919,2258993.9944614647,659530.1946820731],"CRI":[-9661486.257443972,834274.2480248534,-9094503.38937226,1341230.645839441],"CYP":[3542143.192294145,4085455.544061426,3834058.5813572817,4207828.562025597],"DEU":[415396.8754873241,5649838.444442034,1922941.8269455496,7700337.507822646],"DNK":[772553.8727130838,7176232.939937679,1540663.251159551,8057731.430965316],"DZA":[-1542373.4173085438,1588208.3843699745,1911409.313865936,5029102.794224333],"EGY":[1398765.1084547015,1113421.6724775257,5461757.316783302,5176413.880806127],"ESP":[-1442013.058853715,3826563.3401262886,633934.2132774794,5902510.6122574825],"ETH":[3255579.69646091,55329.569695684826,5732756.740354886,2010364.1287312026],"FJI":[-30056260.600742765,-2137320.913054499,30056260.600742765,-1741105.227423723],"GAB":[822776.8957540825,-618867.8851458338,1762445.8889020975,434675.1960212659],"GEO":[4261786.965205945,4928179.245319709,5377692.432082174,5490215.129959101],"GIN":[-1887406.8224079735,666694.2230327374,-668757.1480953046,1561653.4881961572],"GRC":[2063470.5107681088,3907494.937024263,3141184.5052235955,5380603.920467503],"GTM":[-10378350.089238286,1425734.4207994998,-9709727.511808574,2134547.241630125],"HND":[-10119481.915301025,1371141.190996908,-9083190.913018085,1892190.316210578],"HUN":[1117344.0734130447,4776256.105008589,3290823.702700104,6949735.734295648],"IND":[6974668.3547407035,440470.1615522774,11189615.152583359,4655416.959394934],"IRN":[4375676.823766828,2400615.7187778666,7582914.875771578,5309065.454740079],"ISL":[-3006215.911170687,9023132.920733247,-1216790.971106933,10222415.325554676],"ITA":[424949.0580381113,3992604.4335194137,2383664.214419604,6354594.581882695],"JOR":[3236689.973390753,2881477.5182547458,4871300.072449157,4516087.61731315],"KEN":[3551446.9143417072,-804961.0841661439,4880854.461511596,897637.0242629099],"KHM":[10225840.086906154,-123757.33655496594,13743390.323997978,3393792.9005368585],"HKG":[12600421.768904611,2500009.829317839,12811661.807421755,2617417.104763857],"LAO":[10937568.904919531,1308868.2756464132,12181320.023712981,2819126.3173411814],"LBY":[207352.8409562481,1684966.2708955922,3949155.902100879,5426769.332040223],"LSO":[2940814.4609767646,-3650716.5751126036,3329192.224687756,-3266885.0227930676],"LUX":[615805.7497445149,6320766.1632765345,710766.6973247798,6498024.852202235],"MAR":[-3085506.706784788,865070.8947355035,1519733.72781893,5470311.329339221],"MDG":[4614036.999639884,-3349668.964186969,5820019.4616810605,-950455.4554366665],"MKD":[2208672.56332005,4934195.8751757275,2624321.8115580343,5264049.799180286],"MMR":[10028109.659838617,566292.1512522358,11510346.073427424,3836415.7970614047],"MNG":[8877270.126967054,4673904.939801983,14224205.699237745,7235652.26344839],"MRT":[-2237348.628447754,1263100.4675222845,-210206.36490483023,3554982.726868846],"MYS":[10831818.439093787,-924838.093457324,13513151.24398426,1756494.7114331466],"SGP":[10954323.878158443,-489881.5531348265,12294990.280603636,850784.8493103676],"NER":[-401446.32319505815,961531.8456147946,2204698.8538515726,3034685.0205039745],"NOR":[-176247.36361431633,5986304.170492006,4215530.355816715,17971920.7061731],"NZL":[18201533.460217793,-6332268.246047534,20206611.64897993,-3640918.275137017],"PAN":[-9394985.110167364,738650.4476970172,-8439326.781638501,1142286.116085364],"PER":[-9417340.410025928,-2596306.651002732,-7289045.969471692,511619.6245258851],"POL":[1289709.208590139,6016112.504410042,2952065.09694406,7596504.003608753],"PRY":[-7211619.647870123,-3441377.570661529,-5810313.604781561,-1946121.2538530333],"QAT":[4760331.572613714,1856870.3602027216,6697069.478026072,3793608.2656150786],"ROU":[1989123.9842482102,5235772.600484071,3559789.274784067,6325262.185427709],"SAU":[3269871.4740321417,1360191.3321523974,6782166.716387143,4269318.703920882],"SSD":[2341518.9598086528,145117.74631393398,4246923.622141135,1619712.0917302545],"SLB":[17256139.197763145,-1331461.4315563226,18242533.636721887,-617225.4050534122],"SLV":[-10095405.15164943,1440222.3842114448,-9699321.788102988,1659461.4431654662],"SRB":[1980459.4987538839,5045251.95915062,2674458.351004638,5960443.870708307],"SVK":[1721048.783403121,5990347.619126632,2669182.7188115837,6448820.028203134],"SWE":[869223.340749563,6594521.069777343,3019249.6437736647,11621739.800079662],"SYR":[3789159.584182432,3637774.585041369,4899369.9828712065,4637881.092501667],"TGO":[-58836.91744664643,517913.8332515558,260932.5323878731,1377487.7564152074],"TJK":[7297858.017058439,4251723.534187013,8556511.230942395,5157425.183188591],"TLS":[13845569.953683786,-1081898.1846590086,14240850.830349267,-892662.5461598968],"TUN":[103934.31464477174,3157833.236513982,2108284.0836907043,5162183.005559915],"TWN":[13318812.10005732,2406970.6938458593,13626898.031216359,3013100.607814153],"UGA":[3140916.749828138,-319241.0041554121,4052042.929520245,632083.5319189318],"URY":[-6649274.089740444,-4317395.627376432,-5778062.404873021,-3357709.046909965],"UZB":[5200439.435448939,3042242.122166446,8601298.101944147,6443100.788661653],"ALB":[2101221.909737982,4698335.921097913,2387683.839567068,5377900.413648623],"YEM":[3911392.7812790754,613410.3127618122,6861088.881975075,3563106.4134578127],"ZMB":[2113776.946423971,-2311199.971782623,4050376.254677523,-642065.8920305476],"AGO":[949571.2610942671,-2413155.7621316444,3026761.0935572814,-110808.76285829046],"ARE":[5250112.999103723,2009756.627370243,6858900.730930822,3618544.359197341],"ARM":[4770263.074691261,4593583.077851911,5258339.047247519,5140095.0832657525],"AUS":[11497224.406219767,-6462710.625355432,18214885.231190607,-140856.6906916313],"AZE":[4830629.35932978,4487081.753624808,5765517.946756805,5270742.1117210835],"BEL":[178423.07479928498,6280043.915449658,786742.6461316464,6790896.003633354],"BFA":[-2020062.612880898,-141149.6598510733,1591846.0407550565,3470758.993784881],"BGR":[1687821.7590576198,4059188.6079636533,3750868.8388551613,6122235.687761195],"BHS":[-8847116.530795414,2615519.914620911,-8516497.643139388,3231060.1490429277],"BOL":[-8083290.821193581,-2997823.0124032693,-6064169.112014657,-710830.1364341872],"BRN":[12678437.63609109,406276.81764515484,12886609.636125028,647569.8152613607],"BWA":[1949346.233996471,-3378082.8423972228,3541782.217012568,-1721986.2466578088],"CAN":[-16119980.377725773,5021779.397863393,-4591088.776522686,16550670.99906648],"CHL":[-8662383.409765452,-8854796.701214284,-7212256.355596917,-615177.8830981413],"CIV":[-1125779.8984703312,309703.53755179275,-117109.97689656081,1351871.4075965106],"COD":[827591.8170398413,-2007900.7907996546,3998830.1349869096,1104693.040325575],"COL":[-9130378.723581908,-947531.0442868632,-7107490.50339719,1864126.8730917356],